pH,CO2_frac,HCO3_frac,CO3_frac
0.0,0.9999985864281761,1.4135718224548823e-06,1.51879853015718e-15
0.014014014014014014,0.9999985400705347,1.4599294637414884e-06,1.620049095703369e-15
0.028028028028028028,0.9999984921926113,1.507807386934674e-06,1.728049518343692e-15
0.04204204204204204,0.9999984427445493,1.5572554489712275e-06,1.8432497762437806e-15
0.056056056056056056,0.9999983916748563,1.6083251418127626e-06,1.9661298452660338e-15
0.07007007007007007,0.9999983389303518,1.6610696460645813e-06,2.0972016987568025e-15
0.08408408408408408,0.9999982844561114,1.7155438863528664e-06,2.237011440648495e-15
0.0980980980980981,0.9999982281954091,1.7718045885178582e-06,2.38614158076394e-15
0.11211211211211211,0.9999981700896587,1.829910338682562e-06,2.545213461802834e-15
0.12612612612612611,0.999998110078353,1.8899216442584948e-06,2.7148898481220482e-15
0.14014014014014015,0.9999980480990003,1.951900996951979e-06,2.895877687095674e-15
0.15415415415415415,0.999997984087059,2.015912937836595e-06,3.0889310545596863e-15
0.16816816816816815,0.9999979179758722,2.082024124559519e-06,3.2948542966130974e-15
0.18218218218218218,0.9999978496965958,2.150303400751762e-06,3.5145053808655706e-15
0.1961961961961962,0.9999977791781286,2.2208218677145246e-06,3.74879947109401e-15
0.21021021021021022,0.9999977063470376,2.2936529584563377e-06,3.9987127402015715e-15
0.22422422422422422,0.9999976311274815,2.3688725141580635e-06,4.265286437365261e-15
0.23823823823823823,0.9999975534411325,2.446558863145358e-06,4.549631226317394e-15
0.25225225225225223,0.9999974732070928,2.526792902450831e-06,4.852931812835826e-15
0.26626626626626626,0.9999973903418127,2.609658182050796e-06,5.176451880722721e-15
0.2802802802802803,0.9999973047590025,2.6952409918643317e-06,5.521539356837016e-15
0.29429429429429427,0.9999972163695426,2.7836304516052135e-06,5.889632027116544e-15
0.3083083083083083,0.99999712508139,2.874918603580275e-06,6.282263526988228e-15
0.32232232232232233,0.9999970307994848,2.969200508530784e-06,6.701069731124471e-15
0.3363363363363363,0.9999969334256481,3.066574344616641e-06,7.147795569167754e-15
0.35035035035035034,0.9999968328584827,3.1671415096464257e-06,7.624302295820099e-15
0.36436436436436437,0.9999967289932653,3.271006726659728e-06,8.132575245587083e-15
0.3783783783783784,0.9999966217218383,3.3782781529716788e-06,8.674732104485325e-15
0.3923923923923924,0.9999965109324979,3.4890674927932023e-06,9.253031733176162e-15
0.4064064064064064,0.9999963965098767,3.6034901135442127e-06,9.869883578285578e-15
0.42042042042042044,0.9999962783348235,3.7216651659808727e-06,1.0527857711121125e-14
0.4344344344344344,0.9999961562842805,3.843715708261924e-06,1.1229695535610233e-14
0.44844844844844844,0.999996030231154,3.969768834083278e-06,1.1978321210072787e-14
0.4624624624624625,0.9999959000441824,4.0999558050142295e-06,1.2776853830414479e-14
0.47647647647647645,0.9999957655877992,4.234412187173063e-06,1.3628620425500065e-14
0.4904904904904905,0.9999956267219932,4.373277992384316e-06,1.4537169818849066e-14
0.5045045045045045,0.9999954833021605,4.516697823964638e-06,1.5506287414406027e-14
0.5185185185185185,0.9999953351789561,4.664821027289009e-06,1.65400109679871e-14
0.5325325325325325,0.999995182198137,4.817801845294018e-06,1.7642647410111424e-14
0.5465465465465466,0.999995024200402,4.975799579080091e-06,1.881879079030601e-14
0.5605605605605606,0.9999948610212261,5.138978753779829e-06,2.0073341417645002e-14
0.5745745745745746,0.9999946924906887,5.307509289865085e-06,2.141152627726806e-14
0.5885885885885885,0.999994518433297,5.481566680071126e-06,2.2838920807938606e-14
0.6026026026026026,0.9999943386678035,5.661332172121984e-06,2.4361472131372692e-14
0.6166166166166166,0.9999941530070164,5.846992957447198e-06,2.598552383011779e-14
0.6306306306306306,0.9999939612576063,6.038742366086397e-06,2.771784237721255e-14
0.6446446446446447,0.9999937632199024,6.236780067984512e-06,2.9565645327739245e-14
0.6586586586586587,0.9999935586876876,6.441312280887171e-06,3.1536631389722024e-14
0.6726726726726726,0.9999933474479812,6.652551985052641e-06,3.363901249965264e-14
0.6866866866866866,0.9999931292808192,6.870719145003735e-06,3.58815480362776e-14
0.7007007007007007,0.9999929039590232,7.096040938550504e-06,3.8273581315188033e-14
0.7147147147147147,0.9999926712479659,7.328751993322053e-06,4.0825078516256796e-14
0.7287287287287287,0.9999924309053254,7.569094631053574e-06,4.354667020610106e-14
0.7427427427427428,0.9999921826808339,7.817319119882918e-06,4.644969562856142e-14
0.7567567567567568,0.9999919263160155,8.073683934919148e-06,4.9546249947718856e-14
0.7707707707707707,0.9999916615439197,8.33845602735428e-06,5.284923464027186e-14
0.7847847847847848,0.9999913880888414,8.611911102398223e-06,5.637241124721625e-14
0.7987987987987988,0.9999911056660337,8.894333906326118e-06,6.013045870876494e-14
0.8128128128128128,0.9999908139814129,9.186018522936784e-06,6.413903452137249e-14
0.8268268268268268,0.999990512731252,9.487268679730688e-06,6.841483997165265e-14
0.8408408408408409,0.9999902016018629,9.79839806412605e-06,7.297568971896e-14
0.8548548548548548,0.9999898802692722,1.011973065004206e-05,7.784058601652475e-14
0.8688688688688688,0.9999895483988818,1.0451601035189021e-05,8.302979788035182e-14
0.8828828828828829,0.9999892056451221,1.0794354789416257e-05,8.856494553570831e-14
0.8968968968968969,0.9999888516510911,1.1148348814480286e-05,9.446909049300901e-14
0.9109109109109109,0.9999884860481836,1.1513951715607437e-05,1.0076683162836065e-13
0.924924924924925,0.9999881084557072,1.1891544185237522e-05,1.0748440766904039e-13
0.938938938938939,0.999987718480486,1.2281519399347689e-05,1.146498065108652e-13
0.9529529529529529,0.9999873157164509,1.2684283426768723e-05,1.222928818228699e-13
0.9669669669669669,0.9999868997442175,1.3100255651919612e-05,1.3044547742506874e-13
0.980980980980981,0.9999864701306493,1.3529869211400019e-05,1.3914155995745472e-13
0.994994994994995,0.9999860264284066,1.3973571444894728e-05,1.4841736039293256e-13
1.009009009009009,0.9999855681754808,1.443182436085918e-05,1.5831152498372016e-13
1.023023023023023,0.9999850948947138,1.4905105117470227e-05,1.6886527627005143e-13
1.037037037037037,0.9999846060933005,1.5393906519342363e-05,1.8012258482192787e-13
1.0510510510510511,0.9999841012622773,1.5898737530526058e-05,1.9213035242938004e-13
1.065065065065065,0.9999835798759906,1.642012380432148e-05,2.049386075043837e-13
1.079079079079079,0.9999830413915509,1.6958608230458677e-05,2.1860071350845119e-13
1.093093093093093,0.9999824852482666,1.751475150021307e-05,2.331735912741715e-13
1.107107107107107,0.9999819108670612,1.808913269004382e-05,2.487179561468507e-13
1.1211211211211212,0.9999813176498703,1.8682349864361998e-05,2.652985709341397e-13
1.135135135135135,0.9999807049790191,1.929502069805495e-05,2.829845157173759e-13
1.1491491491491492,0.9999800722165788,1.992778311941433e-05,3.018494756486134e-13
1.1631631631631631,0.9999794187037038,2.0581295974135803e-05,3.219720479322195e-13
1.177177177177177,0.9999787437599454,2.1256239711080888e-05,3.434360692698399e-13
1.1911911911911912,0.9999780466825431,2.1953317090513563e-05,3.6633096513275945e-13
1.2052052052052051,0.9999773267456937,2.2673253915547582e-05,3.907521223166074e-13
1.2192192192192193,0.9999765831997957,2.3416799787565142e-05,4.168012863303419e-13
1.2332332332332332,0.999975815270669,2.41847288863912e-05,4.4458698527485977e-13
1.2472472472472473,0.9999750221587498,2.4977840776034862e-05,4.742249819769543e-13
1.2612612612612613,0.9999742030382572,2.5796961236834458e-05,5.058387562619827e-13
1.2752752752752752,0.9999733570563355,2.6642943124871274e-05,5.395600193741779e-13
1.2892892892892893,0.9999724833321649,2.7516667259544458e-05,5.755292626874003e-13
1.3033033033033032,0.999971580956046,2.841904334022935e-05,6.138963429919663e-13
1.3173173173173174,0.9999706489884522,2.9351010892971357e-05,6.548211067955241e-13
1.3313313313313313,0.9999696864590534,3.03135402481984e-05,6.984740562384151e-13
1.3453453453453452,0.9999686923657044,3.130763355046773e-05,7.450370593973157e-13
1.3593593593593594,0.999967665673404,3.233432580129531e-05,7.94704107935777e-13
1.3733733733733733,0.9999666053132161,3.339468593615081e-05,8.476821252574984e-13
1.3873873873873874,0.9999655101811591,3.448981793673645e-05,9.041918285284905e-13
1.4014014014014013,0.9999643791370559,3.56208619797041e-05,9.644686481586066e-13
1.4154154154154155,0.9999632110033482,3.678899562300358e-05,1.0287637085722466e-12
1.4294294294294294,0.9999620045638715,3.799543503109296e-05,1.09734487435324e-12
1.4434434434434433,0.9999607585625893,3.924143624028293e-05,1.1704978661211886e-12
1.4574574574574575,0.9999594717022859,4.0528296465527965e-05,1.2485274507869154e-12
1.4714714714714714,0.9999581426432181,4.185735545002027e-05,1.3317587111444029e-12
1.4854854854854855,0.9999567700017206,4.3229996858986995e-05,1.4205384000870042e-12
1.4994994994994995,0.9999553523487656,4.464764971913595e-05,1.5152363850880375e-12
1.5135135135135136,0.9999538882084786,4.6111789905243604e-05,1.6162471889618247e-12
1.5275275275275275,0.9999523760566006,4.762394167542647e-05,1.723991633322042e-12
1.5415415415415414,0.9999508143189044,4.918567925668807e-05,1.838918591581982e-12
1.5555555555555556,0.9999492013695562,5.0798628482385584e-05,1.96150685879733e-12
1.5695695695695695,0.9999475355294244,5.246446848331322e-05,2.0922671461386356e-12
1.5835835835835836,0.9999458150643342,5.4184933434155825e-05,2.2317442082995574e-12
1.5975975975975976,0.9999440381832623,5.596181435712151e-05,2.3805191127003715e-12
1.6116116116116117,0.9999422030364763,5.779696098462362e-05,2.5392116599367315e-12
1.6256256256256256,0.9999403077136088,5.969228368294042e-05,2.7084829655531865e-12
1.6396396396396395,0.9999383502416722,6.164975543884607e-05,2.889038213892741e-12
1.6536536536536537,0.9999363285830072,6.367141391126993e-05,3.081629595490024e-12
1.6676676676676676,0.9999342406331629,6.575936355010821e-05,3.2870594402397607e-12
1.6816816816816818,0.9999320842187094,6.791577778438283e-05,3.5061835593872773e-12
1.6956956956956957,0.9999298570949781,7.014290128201044e-05,3.739914810256929e-12
1.7097097097097096,0.9999275569437274,7.244305228352206e-05,3.989226898561721e-12
1.7237237237237237,0.9999251813707327,7.48186250121467e-05,4.255158434126137e-12
1.7377377377377377,0.9999227279032985,7.727209216275218e-05,4.538817256909098e-12
1.7517517517517518,0.9999201939876864,7.98060074722181e-05,4.841385051339123e-12
1.7657657657657657,0.999917576986462,8.24230083738973e-05,5.164122268173529e-12
1.7797797797797799,0.9999148741757528,8.512581873891097e-05,5.508373374373748e-12
1.7937937937937938,0.9999120827424174,8.791725170710948e-05,5.8755724528536035e-12
1.8078078078078077,0.9999091997811222,9.080021261062532e-05,6.2672491754139464e-12
1.8218218218218218,0.9999062222913219,9.377770199303618e-05,6.68503517372957e-12
1.8358358358358358,0.9999031471741421,9.68528187272575e-05,7.1306708349111505e-12
1.84984984984985,0.9998999712291586,0.00010002876323538303,7.606012549931668e-12
1.8638638638638638,0.999896691151073,0.00010330884081379596,8.113040445090866e-12
1.877877877877878,0.9998933035262793,0.00010669646506698226,8.653866628701656e-12
1.8918918918918919,0.9998898048293157,0.00011019516145358767,9.230743987325578e-12
1.9059059059059058,0.9998861914192054,0.00011380857094837517,9.846075568171208e-12
1.91991991991992,0.9998824595356738,0.00011754045382385734,1.0502424586707774e-11
1.9339339339339339,0.9998786052952419,0.00012139469355550095,1.1202525101147347e-11
1.947947947947948,0.9998746246871962,0.0001253753008545267,1.1949293398223108e-11
1.961961961961962,0.9998705135694218,0.00012948641783245597,1.2745840137649763e-11
1.9759759759759759,0.9998662676641029,0.00013373232230169278,1.359548330580822e-11
1.98998998998999,0.9998618825532816,0.00013811743221656524,1.450176203256213e-11
2.004004004004004,0.9998573536742722,0.00014264631025939447,1.5468451328703675e-11
2.018018018018018,0.9998526763149242,0.0001473236685763069,1.6499577805355002e-11
2.032032032032032,0.9998478456087331,0.0001521543736676561,1.759943644073467e-11
2.046046046046046,0.9998428565297893,0.00015714345143807819,1.877260846405398e-11
2.06006006006006,0.9998377038875648,0.00016229609241136727,2.002398043095333e-11
2.074074074074074,0.9998323823215258,0.00016761765711552172,2.1358764569841995e-11
2.088088088088088,0.9998268862955739,0.00017311368164348566,2.278252048378928e-11
2.1021021021021022,0.9998212100923034,0.0001787898833952889,2.430117829824975e-11
2.116116116116116,0.9998153478070717,0.00018465216700746636,2.5921063350915005e-11
2.13013013013013,0.9998092933418753,0.00019070663047583578,2.764892252639561e-11
2.144144144144144,0.9998030403990301,0.00019695957147789538,2.94919523452708e-11
2.158158158158158,0.9997965824746409,0.0002034174939013147,3.145782892433664e-11
2.1721721721721723,0.99978991285186,0.00021008711458519173,3.3554739932657765e-11
2.186186186186186,0.9997830245939276,0.00021697537028096567,3.579141867632072e-11
2.2002002002002,0.9997759105369828,0.00022408942484009595,3.817718045363227e-11
2.214214214214214,0.9997685632826423,0.00023143667663584028,4.0721961331936294e-11
2.2282282282282284,0.9997609751903369,0.00023902476622670365,4.343635950728436e-11
2.2422422422422423,0.9997531383693989,0.0002468615842693671,4.633167941892127e-11
2.2562562562562563,0.9997450446708909,0.0002549552796891594,4.941997880199024e-11
2.27027027027027,0.9997366856791695,0.0002633142681163809,5.271411887406076e-11
2.284284284284284,0.9997280527031751,0.0002719472405970645,5.622781786409807e-11
2.2982982982982985,0.9997191367674374,0.00028086317258702265,5.997570810636761e-11
2.3123123123123124,0.9997099286027882,0.0002900713332383113,6.397339693656812e-11
2.3263263263263263,0.9997004186367751,0.00029958129498753553,6.82375316432705e-11
2.34034034034034,0.9996905969837586,0.0003094029434557112,7.278586874456677e-11
2.354354354354354,0.999680453434693,0.00031954648766971075,7.763734787778663e-11
2.3683683683683685,0.9996699774465723,0.0003300224706156325,8.281217060927584e-11
2.3823823823823824,0.9996591581315333,0.0003408417801347621,8.833188449164459e-11
2.3963963963963963,0.9996479842456074,0.00035201566017312863,9.421947271766109e-11
2.4104104104104103,0.9996364441771045,0.0003635557223960001,1.0049944974317492e-10
2.424424424424424,0.9996245259346231,0.000375473958179025,1.0719796327621035e-10
2.4384384384384385,0.9996122171346691,0.0003877827509880864,1.1434290305576415e-10
2.4524524524524525,0.9995995049888756,0.0004004948891603168,1.2196401687198796e-10
2.4664664664664664,0.9995863762908079,0.0004136235790991094,1.30093034309454e-10
2.4804804804804803,0.9995728174023399,0.00042718245889635626,1.3876379872720183e-10
2.4944944944944947,0.9995588142395919,0.0004411856123955629,1.4801240802339945e-10
2.5085085085085086,0.9995443522584129,0.000455647583709904,1.5787736476883745e-10
2.5225225225225225,0.9995294164393904,0.00047058339220973073,1.6839973633228694e-10
2.5365365365365364,0.9995139912723822,0.00048600854799447544,1.7962332566211842e-10
2.5505505505505504,0.9994980607405408,0.0005019390678643698,1.9159485343271003e-10
2.5645645645645647,0.9994816083038278,0.0005183914918078653,2.0436415231120778e-10
2.5785785785785786,0.9994646168819947,0.0005353829000211284,2.1798437415036477e-10
2.5925925925925926,0.9994470688370115,0.0005529309304764914,2.3251221096667124e-10
2.6066066066066065,0.9994289459549346,0.0005710537970572454,2.480081306200037e-10
2.6206206206206204,0.9994102294271867,0.0005897703082767012,2.6453662817183167e-10
2.6346346346346348,0.9993908998312334,0.0006090998865999847,2.8216649396384034e-10
2.6486486486486487,0.9993709371106412,0.0006290625883875891,3.009710995279413e-10
2.6626626626626626,0.9993503205544909,0.0006496791244802936,3.210287025123443e-10
2.6766766766766765,0.9993290287761317,0.0006709708814456301,3.424227718869053e-10
2.6906906906906904,0.9993070396912509,0.0006929599435067025,3.652423347747462e-10
2.704704704704705,0.9992843304952429,0.0007156691151747798,3.8958234634642677e-10
2.7187187187187187,0.9992608776398482,0.0007391219446077154,4.1554408430814727e-10
2.7327327327327327,0.9992366568090475,0.0007633427477169266,4.432355696169656e-10
2.7467467467467466,0.9992116428941819,0.0007883566330462983,4.727720151641787e-10
2.760760760760761,0.9991858099682766,0.0008141895274471144,5.042763042833875e-10
2.774774774774775,0.9991591312595467,0.0008408682025737863,5.378795010626962e-10
2.7887887887887888,0.9991315791240528,0.0008684203022259095,5.737213945715841e-10
2.8028028028028027,0.999103125017486,0.0008968743705628866,6.119510792526811e-10
2.8168168168168166,0.9990737394660542,0.0009262598812181539,6.527275738776346e-10
2.830830830830831,0.9990433920364388,0.0009566072673408013,6.962204816249837e-10
2.844844844844845,0.999012051304796,0.0009879479525931863,7.426106940071778e-10
2.858858858858859,0.998979684824775,0.0010203143831339723,7.920911415542547e-10
2.8728728728728727,0.9989462590945157,0.0010537400606168263,8.448675943538811e-10
2.8868868868868867,0.9989117395226047,0.0010882595762359058,9.011595157524123e-10
2.900900900900901,0.998876090392949,0.0011239086458501182,9.612009727399613e-10
2.914914914914915,0.9988392748285393,0.0011607241462190203,1.0252416067752056e-09
2.928928928928929,0.9988012547540682,0.0011987441523841867,1.0935476690537415e-09
2.942942942942943,0.998761990857366,0.00123800797623074,1.1664031244880612e-09
2.956956956956957,0.9987214425496245,0.001278556206264753,1.2441108289489938e-09
2.970970970970971,0.9986795679243632,0.001320430748643155,1.3269937846185994e-09
2.984984984984985,0.9986363237151097,0.0013636748694938138,1.4153964786244387e-09
2.998998998998999,0.9985916652517494,0.001408333238564417,1.5096863104659404e-09
3.013013013013013,0.998545546415505,0.0014544519742398525,1.6102551141068764e-09
3.027027027027027,0.9984979195925103,0.0015020786899688115,1.7175207809948998e-09
3.041041041041041,0.9984487356259297,0.0015512625421413907,1.8319289906814497e-09
3.055055055055055,0.9983979437665844,0.001602054279460598,1.9539550561547104e-09
3.069069069069069,0.9983454916220426,0.001654506293851682,2.0841058914662155e-09
3.083083083083083,0.9982913251041236,0.001708672672954402,2.2229221097304794e-09
3.0970970970970972,0.9982353883747753,0.0017646092542444355,2.37098026010812e-09
3.111111111111111,0.9981776237902735,0.0018223736808312622,2.5288952129488097e-09
3.125125125125125,0.9981179718436962,0.001882025458981059,2.69732270287324e-09
3.139139139139139,0.9980563711056236,0.0019436260174142453,2.8769620402151414e-09
3.153153153153153,0.9979927581630124,0.002007238768428563,3.068559001928422e-09
3.1671671671671673,0.9979270675561915,0.0020729291708997143,3.2729089137927157e-09
3.181181181181181,0.9978592317139273,0.002140764795212796,3.4908599365262954e-09
3.195195195195195,0.9977891808865045,0.0022108153901789973,3.723316569241504e-09
3.209209209209209,0.9977168430767634,0.0022831529519931715,3.971243384557319e-09
3.2232232232232234,0.9976421439690418,0.002357851795289174,4.2356690106205675e-09
3.2372372372372373,0.9975650068559587,0.0024349886263510113,4.517690376284545e-09
3.2512512512512513,0.9974853525629837,0.002514642618539119,4.818477236755919e-09
3.265265265265265,0.9974030993707309,0.002596895489992196,5.1392769981511086e-09
3.279279279279279,0.9973181629349138,0.002681831583666316,5.48141986060719e-09
3.2932932932932935,0.9972304562039017,0.0027695379497741737,5.846324300873555e-09
3.3073073073073074,0.9971398893338086,0.002860104430688458,6.235502916674205e-09
3.3213213213213213,0.9970463696010569,0.0029536237483746104,6.650568656582616e-09
3.335335335335335,0.9969498013123393,0.003050191594419201,7.093241460695436e-09
3.349349349349349,0.9968500857119232,0.003149906722721398,7.565355339035994e-09
3.3633633633633635,0.996747120886218,0.0032528710449159924,8.068865916367892e-09
3.3773773773773774,0.9966408016655441,0.003359189728597484,8.605858473960534e-09
3.3913913913913913,0.9965310195230277,0.0034689712984158024,9.17855652082963e-09
3.4054054054054053,0.9964176624705541,0.00358232774011503,9.789330929082253e-09
3.419419419419419,0.9963006149517027,0.003699374607587552,1.044070967023825e-08
3.4334334334334335,0.9961797577315951,0.0038202311330167555,1.113538819178394e-08
3.4474474474474475,0.9960549677835774,0.003945020340182206,1.1876240475749859e-08
3.4614614614614614,0.9959261181726672,0.004073869161001967,1.2666330823801856e-08
3.4754754754754753,0.9957930779356864,0.0042069085553871665,1.3508926416201778e-08
3.4894894894894897,0.9956557119580046,0.004344273634484582,1.4407510695044178e-08
3.5035035035035036,0.9955138808468191,0.0044861037873832965,1.536579762541675e-08
3.5175175175175175,0.9953674408008913,0.004632542811361828,1.6387746891578836e-08
3.5315315315315314,0.9952162434766676,0.004783739045752183,1.7477580088914638e-08
3.5455455455455454,0.9950601358507047,0.004939845509497412,1.8639797976311488e-08
3.5595595595595597,0.9948989600783222,0.00510102004247903,1.987919885774983e-08
3.5735735735735736,0.9947325533484116,0.005267425450690326,2.1200898166286897e-08
3.5875875875875876,0.9945607477343195,0.0054392296553312375,2.2610349328286704e-08
3.6016016016016015,0.9943833700407344,0.005616605845899548,2.411336599070724e-08
3.6156156156156154,0.9942002416465019,0.005799732637352496,2.571614569952602e-08
3.6296296296296298,0.9940111783432932,0.005988794231411596,2.742529512297802e-08
3.6436436436436437,0.9938159901700611,0.006183980582082121,2.9247856919220237e-08
3.6576576576576576,0.9936144812432044,0.006385487565457133,3.119133835434391e-08
3.6716716716716715,0.9934064495823844,0.006593517153873823,3.3263741783346644e-08
3.6856856856856854,0.9931916869319151,0.006808277594487827,3.547359711378164e-08
3.6996996996997,0.9929699785776751,0.007029983592328529,3.782999637933744e-08
3.7137137137137137,0.9927411031594742,0.0072588564978952955,4.0342630558596206e-08
3.7277277277277276,0.9925048324788198,0.007495124499351489,4.302182878270223e-08
3.7417417417417416,0.992260931302031,0.007739022819368985,4.587860008466221e-08
3.755755755755756,0.99200915715865,0.007990793916672024,4.8924677852538115e-08
3.76976976976977,0.9917492601351086,0.008250687692324269,5.2172567158899143e-08
3.7837837837837838,0.9914809826636068,0.00851896170079798,5.563559514961467e-08
3.7977977977977977,0.9912040593061773,0.008795881365858139,5.9327964686418204e-08
3.8118118118118116,0.9909182165339003,0.009081720201288303,6.326481144970014e-08
3.825825825825826,0.9906231725012575,0.00937676003647783,6.74622647207207e-08
3.83983983983984,0.9903186368156054,0.00968129124688243,7.193751207591862e-08
3.853853853853854,0.9900043103017699,0.00999561298936193,7.670886824026778e-08
3.8678678678678677,0.989679884761762,0.010320033442389605,8.179584836173495e-08
3.8818818818818817,0.9893450427296362,0.010654870051117902,8.721924598487854e-08
3.895895895895896,0.9889994572215095,0.0110004497772745,9.30012160185283e-08
3.90990990990991,0.988642791480786,0.011357109353850887,9.916536301035972e-08
3.923923923923924,0.9882746987186317,0.011725195544533325,1.0573683506007183e-07
3.937937937937938,0.9878948218497642,0.012105065407812123,1.127424237228361e-07
3.9519519519519517,0.9875027932236391,0.012497086565690664,1.2021067027577769e-07
3.965965965965966,0.9870982343511213,0.012901637476899938,1.2817197874251844e-07
3.97997997997998,0.9866807556267568,0.013319107714506936,1.3665873609431633e-07
3.993993993993994,0.9862499560467722,0.013749898247787641,1.4570544007114974e-07
4.008008008008008,0.9858054229229498,0.014194421728215148,1.5534883509225068e-07
4.022022022022022,0.9853467315925502,0.014653102779392978,1.6562805675319e-07
4.036036036036036,0.9848734451244735,0.015126378290740986,1.7658478543568786e-07
4.05005005005005,0.9843851140218728,0.01561469771471769,1.8826340958696704e-07
4.064064064064064,0.9838812759214642,0.016118523367336574,2.007111992577041e-07
4.078078078078078,0.9833614552898017,0.016638330731707836,2.1397849052161262e-07
4.092092092092092,0.9828251631168115,0.017174608764307136,2.2811888143539142e-07
4.106106106106106,0.9822718966069175,0.017727860203642268,2.431894402353252e-07
4.12012012012012,0.9817011388681165,0.018298601880956968,2.592509265063237e-07
4.134134134134134,0.9811123585993994,0.018887365032574543,2.7636802610059524e-07
4.148148148148148,0.98050500977695,0.019494695613449402,2.94609600626721e-07
4.162162162162162,0.9798785313395935,0.020121154611454133,3.140489523755181e-07
4.176176176176176,0.9792323468740055,0.02076731836188891,3.347641055969471e-07
4.19019019019019,0.9785658643002368,0.021433778861657905,3.5683810509251984e-07
4.2042042042042045,0.9778784755581574,0.022121144082509373,3.803593331401068e-07
4.218218218218218,0.977169556295464,0.022830038282690236,4.054218458230677e-07
4.232232232232232,0.9764384655579562,0.023561102316313864,4.321257298930334e-07
4.246246246246246,0.9756845454828323,0.02431499393968629,4.6057748135567896e-07
4.26026026026026,0.9749071209958109,0.025092388113782,4.908904070315452e-07
4.2742742742742745,0.9741054995129504,0.0258939773019993,5.231850504092118e-07
4.288288288288288,0.9732789706480905,0.02672047176226635,5.575896431763187e-07
4.302302302302302,0.9724268059269123,0.027572599832503764,5.942405838847567e-07
4.316316316316316,0.9715482585086727,0.028451108208382214,6.332829452800656e-07
4.33033033033033,0.970642562916742,0.029356762212246094,6.74871011901757e-07
4.344344344344345,0.9697089347791512,0.03029034605199906,7.191688496406451e-07
4.358358358358358,0.9687465705804165,0.03125266306867457,7.663509090217941e-07
4.372372372372372,0.9677546474260006,0.0322445359713354,8.16602664066937e-07
4.386386386386387,0.9667323228208463,0.033266807057864924,8.701212886784169e-07
4.4004004004004,0.9656787344634957,0.03432033842013161,9.271163725778845e-07
4.414414414414415,0.9645930000574003,0.03540601213192071,9.878106789268343e-07
4.428428428428428,0.9634742171411151,0.036524730417938855,1.0524409458527515e-06
4.4424424424424425,0.9623214629391568,0.03767741580210904,1.1212587342041622e-06
4.456456456456457,0.961133794235399,0.03886501123327706,1.1945313239596686e-06
4.47047047047047,0.959910247270978,0.04008848018636035,1.2725426618207124e-06
4.484484484484485,0.9586498376687667,0.04134880673687069,1.355594362624443e-06
4.498498498498498,0.9573515603865869,0.04264699560664586,1.444006767321956e-06
4.5125125125125125,0.9560143897014116,0.04398407217852813,1.5381200603781499e-06
4.526526526526527,0.954637279226925,0.045361082477625554,1.6382954495616887e-06
4.54054054054054,0.9532191619668933,0.0467790931166955,1.7449164112077176e-06
4.554554554554555,0.9517589504069071,0.04823919120308892,1.8583900041507749e-06
4.568568568568568,0.9502555366471498,0.04974248420459464,1.9791482556410096e-06
4.5825825825825826,0.948707792578948,0.051290099771429336,2.1076496226730636e-06
4.596596596596597,0.9471145701079492,0.0528831855115184,2.2443805322724547e-06
4.61061061061061,0.9454747014268697,0.054522908716125765,2.389857004399984e-06
4.624624624624625,0.9437869993408408,0.05621045603279797,2.544626361248457e-06
4.638638638638638,0.9420502576484694,0.05794703308250377,2.709269026818386e-06
4.652652652652653,0.9402632515818059,0.05973386401777344,2.8844004207694842e-06
4.666666666666667,0.9384247383084853,0.061572191018564044,3.0706729506511015e-06
4.68068068068068,0.9365334574993773,0.06346327372251594,3.2687781067181627e-06
4.694694694694695,0.9345881319651318,0.0654083885862047,3.4794486636370273e-06
4.708708708708708,0.9325874683650623,0.06740882817394425,3.703460993478276e-06
4.722722722722723,0.9305301579918405,0.06946590037066513,3.941637494480042e-06
4.736736736736737,0.9284148776355012,0.07158092751535855,4.194849140143299e-06
4.7507507507507505,0.9262402905302718,0.07375524545157487,4.464018153291401e-06
4.764764764764765,0.9240050473877264,0.07599020249146382,4.750120809786037e-06
4.778778778778778,0.9217077875197579,0.07828715828986554,5.054190376641264e-06
4.792792792792793,0.919347140054805,0.08064748262500576,5.377320189315485e-06
4.806806806806807,0.9169217252507247,0.08307255408240229,5.720666872984519e-06
4.8208208208208205,0.9144301559076091,0.08556375863867825,6.085453712609643e-06
4.834834834834835,0.9118710388837428,0.08812248814208067,6.472974176607723e-06
4.848848848848848,0.9092429767177677,0.0907501386866336,6.884595598907128e-06
4.862862862862863,0.9065445693599548,0.09344810887702099,7.321763024132078e-06
4.876876876876877,0.9037744160153048,0.09621779798147456,7.786003220595023e-06
4.890890890890891,0.9009311171009626,0.09906060397017165,8.278928865694914e-06
4.904904904904905,0.8980132763201958,0.101977921436896,8.80224290821298e-06
4.918918918918919,0.8950195028548846,0.10497113940200341,9.357743111868154e-06
4.932932932932933,0.8919484136781515,0.10804163899506418,9.947326784340795e-06
4.946946946946947,0.8887986359883907,0.11119079101591355,1.0572995695792365e-05
4.960960960960961,0.8855688097655655,0.11441995337324373,1.123686119070076e-05
4.974974974974975,0.8822575904501803,0.11773046840032325,1.1941149496597101e-05
4.988988988988989,0.8788636517448628,0.12112366004790415,1.2688207233023262e-05
5.003003003003003,0.8753856885379582,0.12460083095491813,1.3480507123738181e-05
5.017017017017017,0.871822419947956,0.12816325939812903,1.4320653914876342e-05
5.031031031031031,0.8681725924869734,0.13181219612252526,1.5211390501409108e-05
5.045045045045045,0.8644349833408326,0.13554886105490357,1.6155604263878508e-05
5.059059059059059,0.860608403762595,0.1393744399037882,1.715633361695912e-05
5.073073073073073,0.8566917025756426,0.1432900806495864,1.8216774770966506e-05
5.087087087087087,0.8526837697816302,0.14729688992966292,1.934028870696184e-05
5.101101101101101,0.848583540267795,0.15139592932383947,2.0530408365609403e-05
5.115115115115115,0.8443899976072506,0.15558821154670002,2.1790846049429875e-05
5.129129129129129,0.8401021779449988,0.1598746965539636,2.3125501037550468e-05
5.143143143143143,0.8357191739614583,0.16425628757113003,2.4538467411501198e-05
5.157157157157157,0.831240138904364,0.168733827053546,2.6034042090032677e-05
5.171171171171171,0.8266642906789142,0.17330809258801533,2.761673307034835e-05
5.185185185185185,0.8219909159850521,0.1779797927470754,2.929126787255817e-05
5.1991991991991995,0.81721937448977,0.18274956290804636,3.106260218356465e-05
5.213213213213213,0.8123491030213277,0.18761796104997627,3.293592869601024e-05
5.227227227227227,0.8073796197712712,0.1925854635425915,3.491668613733382e-05
5.241241241241241,0.8023105284891728,0.19765246094234368,3.701056848342251e-05
5.255255255255255,0.7971415226540353,0.20281925381161398,3.922353435081038e-05
5.2692692692692695,0.7918723896053924,0.20808604857804666,4.156181656086185e-05
5.283283283283283,0.7865030146162474,0.21345295345188367,4.403193186891453e-05
5.297297297297297,0.7810333848891553,0.21891997441999378,4.6640690850930385e-05
5.311311311311311,0.7754635934560055,0.22448701133605456,4.9395207939835595e-05
5.325325325325325,0.7697938429613452,0.23015385412705136,5.2302911603433794e-05
5.33933933933934,0.7640244493085058,0.23592017913683863,5.5371554655537464e-05
5.353353353353353,0.7581558451472709,0.24178554562803742,5.860922469182561e-05
5.367367367367367,0.752188583181436,0.247749392463922,6.202435464187315e-05
5.381381381381381,0.7461233392743474,0.25381103499222385,6.562573342884174e-05
5.395395395395395,0.7399609153303384,0.2599696621529332,6.942251672848194e-05
5.40940940940941,0.7337022419300266,0.266224333832154,7.342423781935437e-05
5.423423423423423,0.7273483806975479,0.27257397848393555,7.764081851658507e-05
5.4374374374374375,0.7209005263781463,0.2790173910416718,8.208258018198743e-05
5.451451451451452,0.7143600086050264,0.2855532311401696,8.676025480404635e-05
5.465465465465465,0.7077282933350174,0.29218002166884066,9.168499614207415e-05
5.47947947947948,0.7010069839334596,0.29889614767561073,9.686839092979402e-05
5.493493493493493,0.6941978218897498,0.30569985564011554,0.00010232247013470727
5.5075075075075075,0.6873026871461796,0.31258925313354957,0.00010805972027086715
5.521521521521522,0.6803235980241248,0.3195623088811112,0.00011409309476406768
5.535535535535535,0.6732627107332001,0.3266168532414299,0.00012043602537003
5.54954954954955,0.6661223184507707,0.3337505791155814,0.0001271024336478564
5.563563563563563,0.6589048499611441,0.34096104329636306,0.00013410674249286411
5.5775775775775776,0.6516128678458405,0.34824566826642456,0.00014146388773490188
5.591591591591592,0.6442490662186192,0.3556017444515704,0.00014918932981033238
5.605605605605605,0.6368162680012862,0.3630264329331956,0.0001572990655181063
5.61961961961962,0.6293174217388345,0.3705167686212928,0.00016580963987266202
5.633633633633633,0.6217555979550764,0.37806966388685476,0.00017473815806879768
5.647647647647648,0.6141339850525985,0.38568191264982543,0.00018410229757617175
5.661661661661662,0.6064558847636493,0.39335019491596696,0.0001939203203836064
5.675675675675675,0.5987247071613373,0.4010710817532467,0.0002042110854159909
5.68968968968969,0.5909439652433276,0.4088410406955232,0.00021499406114917614
5.703703703703703,0.583117269103027,0.4166564415585221,0.0002262893384508702
5.717717717717718,0.5752483197059727,0.424513562650349,0.00023811764367816628
5.731731731731732,0.5673409022918541,0.4324085973560811,0.0002505003520648678
5.7457457457457455,0.5593988794251586,0.4403376610734072,0.00026345950143431823
5.75975975975976,0.551426183719924,0.44829679847380005,0.00027701780627585436
5.773773773773773,0.543426810266399,0.45628199106137557,0.0002911986722253324
5.787787787787788,0.5354048087895487,0.46428916499945894,0.0003060262109924303
5.801801801801802,0.527364275571332,0.4723141991728885,0.0003215252557794673
5.8158158158158155,0.5193093451703866,0.48035293345237506,0.0003377213772384747
5.82982982982983,0.5112441819742797,0.4884011771257054,0.0003546409000149915
5.843843843843843,0.5031729716207414,0.4964547174593299,0.0003723109199286616
5.857857857857858,0.49509991232525613,0.5045093283529017,0.0003907593218421605
5.871871871871872,0.487029206153131,0.5125607790485978,0.00041001479827113604
5.885885885885886,0.4789650502745473,0.5206048428566639,0.00043010686878893113
5.8998998998999,0.47091162824124716,0.5286373058584722,0.00045106590028063325
5.913913913913914,0.46287310132335074,0.5366539755485475,0.0004729231281015971
5.927927927927928,0.4548535999443186,0.5446506893774854,0.000495710678196038
5.941941941941942,0.4468572152513569,0.5526233231584117,0.0005194615902314584
5.955955955955956,0.4388879908575418,0.5605677993006534,0.0005442098418046864
5.96996996996997,0.43094991479063843,0.5684800948355864,0.0005699903737751842
5.983983983983984,0.42304691168207814,0.5763562492011409,0.000596839116780867
5.997997997997998,0.41518283522777766,0.5841923717532311,0.0006247930189912477
6.012012012012012,0.4073614609504932,0.5919846489743549,0.0006538900751520418
6.026026026026026,0.3995864792912583,0.5997293513517671,0.0006841693569745727
6.04004004004004,0.3918614890550674,0.6074228399000101,0.0007156710449225223
6.054054054054054,0.3841899912335272,0.6150615723050253,0.0007484364614474874
6.068068068068068,0.3765753832245585,0.6226421086697176,0.0007825081057238744
6.082082082082082,0.3690209534665571,0.6301611168435103,0.0008179296899325079
6.096096096096096,0.36152987650166496,0.637615377321194,0.0008547461771412058
6.11011011011011,0.3541052084799958,0.6450017876991747,0.0008930038208295279
6.124124124124124,0.34674988311387867,0.6523173666800176,0.0009327502061036629
6.138138138138138,0.3394667080883698,0.6595592576189836,0.0009740342926464633
6.152152152152152,0.33225836193156266,0.6667247316089907,0.0010169064594465161
6.166166166166166,0.32512739134552826,0.6738111901031225,0.0010614185513491687
6.18018018018018,0.3180762089961195,0.6808161670764088,0.0011076239274716343
6.1941941941941945,0.31110709175740403,0.6877373307310726,0.001155577511523354
6.208208208208208,0.3042221794040901,0.6945724847518376,0.0012053358440722772
6.222222222222222,0.29742347374310935,0.7013195691200936,0.0012569571367970522
6.236236236236236,0.2907128381734384,0.7079766604977968,0.0013105013287646862
6.25025025025025,0.284091997661311,0.714541972193916,0.0013660301447730604
6.2642642642642645,0.27756253911626616,0.7210138537279365,0.0014236071557973448
6.278278278278278,0.2711259121518864,0.7273907900065341,0.0014832978415795475
6.292292292292292,0.2647834302137179,0.7336714001308815,0.0015451696554004595
6.306306306306306,0.2585362720556829,0.7398544358532436,0.001609292091073535
6.32032032032032,0.25238548354526175,0.7459387797025374,0.0016757367522008384
6.334334334334335,0.24633197977693294,0.7519234427993355,0.0017445774237315505
6.348348348348348,0.2403765474726917,0.7578075623814438,0.0018158901458644645
6.362362362362362,0.23451984764801853,0.7635903990616449,0.0018897532903366376
6.376376376376376,0.22876241852136728,0.7692713338394913,0.0019662476391413054
6.39039039039039,0.22310467864509773,0.7748498648891828,0.0020454564657194636
6.404404404404405,0.21754693023580854,0.7803256041455211,0.0021274656186704376
6.418418418418418,0.21208936268216655,0.785698273709805,0.0022123636080283384
6.4324324324324325,0.2067320562086258,0.7909677020972217,0.0023002416941525087
6.446446446446447,0.2014749856738433,0.7961338203468752,0.0023911939792815207
6.46046046046046,0.19631802448309763,0.8011966580151004,0.00248531750180195
6.474474474474475,0.19126094859465298,0.8061563390720624,0.0025827123332845454
6.488488488488488,0.1863034406006972,0.8110130777209608,0.0026834816783420238
6.5025025025025025,0.1814450938642613,0.8157671741583742,0.002787731977364487
6.516516516516517,0.17668541669436966,0.8204190102934406,0.0028955730121897963
6.53053053053053,0.17202383654255168,0.8249690454426802,0.0030071180147681112
6.544544544544545,0.16745970420478204,0.8294178120163367,0.0031224837788812044
6.558558558558558,0.1629922980138806,0.8337659112111407,0.0032417907749786546
6.5725725725725725,0.1586208280083766,0.8380140087234287,0.0033651632681947494
6.586586586586587,0.1543444400648535,0.8421628304955356,0.003492729439610938
6.6006006006006,0.1501622199817769,0.8462131585073928,0.0036246215108303795
6.614614614614615,0.14607319750381206,0.8501658266242558,0.003760975871932114
6.628628628628628,0.14207635027663382,0.8540217165104927,0.0039019332128734092
6.642642642642643,0.13817060772318263,0.8577817536184071,0.004047638658410173
6.656656656656657,0.13435485483329354,0.8614469032601009,0.004198241906605572
6.67067067067067,0.1306279358595328,0.865018166769469,0.004353897370998195
6.684684684684685,0.12698865791297245,0.8684965777605264,0.004514764326501216
6.698698698698698,0.12343579445349974,0.871883198487396,0.004681007059104274
6.712712712712713,0.11996808867006732,0.8751791163104825,0.004852795019450168
6.726726726726727,0.11658425674708237,0.8783854402725598,0.005030302980357766
6.7407407407407405,0.11328299101386854,0.8815032977877688,0.0052137111983625644
6.754754754754755,0.11006296297483087,0.8845338314458236,0.005403205579345399
6.768768768768768,0.10692282621861844,0.8874781959330631,0.005598977848318611
6.782782782782783,0.1038612192051753,0.8903375550713865,0.005801225723438232
6.796796796796797,0.10087676793015482,0.8931130789755369,0.006010153094308314
6.8108108108108105,0.09796808846667969,0.895805941328678,0.006225970204642287
6.824824824824825,0.09513378938492496,0.8984173167757317,0.006448893839343296
6.838838838838838,0.09237247405043268,0.9009483784335045,0.006679147516062771
6.852852852852853,0.08968274280246673,0.9034002955162397,0.006916961681293617
6.866866866866867,0.08706319501407729,0.9057742310748728,0.0071625739110500125
6.880880880880881,0.0845124310358601,0.9080713398479575,0.00741622911618237
6.894894894894895,0.08202905402568916,0.91029276622194,0.007678179752370813
6.908908908908908,0.07961167166694035,0.9124396422982244,0.007948686034835194
6.922922922922923,0.07725889777794813,0.9145130860642573,0.008228016157794431
6.936936936936937,0.07496935381562136,0.9165141996656782,0.008516446518700505
6.950950950950951,0.07274167027629334,0.9184440677764404,0.008814261947266271
6.964964964964965,0.07057448799702465,0.9203037560636775,0.009121755939297772
6.978978978978979,0.06846645936066638,0.9220943097440006,0.009439230895333058
6.992992992992993,0.06641624940807907,0.9238167522278401,0.00976699836408081
7.007007007007007,0.06442253686095503,0.9254720838484037,0.010105379290641097
7.021021021021021,0.062484015058737526,0.9270612806717828,0.010454704269479628
7.035035035035035,0.060599392813140765,0.9285852933847438,0.010815313802115381
7.049049049049049,0.05876739518378212,0.9300450462567503,0.01118755855946742
7.063063063063063,0.05698676417842414,0.9314414361727823,0.01157179964879364
7.077077077077077,0.05525625938129571,0.9327753317335659,0.011968408885138405
7.091091091091091,0.05357465851293258,0.9340475724198779,0.01237776906718949
7.105105105105105,0.05194075792491104,0.9352589678176608,0.01280027425742807
7.119119119119119,0.05035337303280828,0.9364102969007564,0.01323633006643537
7.133133133133133,0.048811338690643157,0.9375023073681563,0.013686353941200536
7.147147147147147,0.04731350950998528,0.9385357150327628,0.014150775457251926
7.161161161161161,0.045858760126835124,0.9395112032587541,0.014630036614410804
7.175175175175175,0.04444598541929076,0.9404294224447667,0.015124592135942652
7.1891891891891895,0.04307410067893922,0.9412909895502073,0.01563490977085343
7.203203203203203,0.04174204173880165,0.9420964876621467,0.0161614705990517
7.217217217217217,0.04044876506057494,0.9428464656003586,0.01670476933906661
7.231231231231231,0.039193247783821064,0.9435414375581991,0.017265314657979956
7.245245245245245,0.03797448773963759,0.9441818827771643,0.01784362948319819
7.2592592592592595,0.03679150343127073,0.9447682452530768,0.018440251315652474
7.273273273273273,0.035643333984003524,0.9453009334720172,0.019055732543979263
7.287287287287287,0.03452903906657859,0.9457803201742289,0.019690640759192628
7.301301301301301,0.03344769878630067,0.9462067421443822,0.02034555906931719
7.315315315315315,0.03239841355986982,0.9465805000267227,0.02102108641340751
7.32932932932933,0.03138030396190728,0.9469018581637619,0.021717837874330747
7.343343343343343,0.030392510553031354,0.9471710444573266,0.022436444989641976
7.357357357357357,0.029434193689257517,0.9473882502509139,0.023177556059828495
7.371371371371371,0.028504533314400705,0.9475536302324546,0.023941836453144787
7.385385385385385,0.027602728737072126,0.9476673023567237,0.02472996890620413
7.3993993993994,0.02672799839377978,0.9477293477867894,0.02554265381943076
7.413413413413413,0.02587957959955369,0.9477398108540301,0.026380609546416092
7.4274274274274275,0.025056728287441016,0.9476986990364028,0.02724457267615607
7.441441441441442,0.0242587187381383,0.9476059829547837,0.02813529830707792
7.455455455455455,0.023484843300949687,0.9474615963873546,0.029053560311695724
7.46946946946947,0.022734412107191706,0.9472654363021495,0.030000151590658785
7.483483483483483,0.02200675277709736,0.9470173629080226,0.030975884314880155
7.4974974974974975,0.02130121012119653,0.9467171997244477,0.03198159015435583
7.511511511511512,0.020617145837100097,0.9463647336707001,0.03301812049219985
7.525525525525525,0.019953938202541363,0.9459597151751191,0.03408634662233934
7.53953953953954,0.019310981765478456,0.9455018583052966,0.03518715992922488
7.553553553553553,0.018687687032002534,0.9449908409201758,0.03632147204782173
7.5675675675675675,0.018083480152740434,0.9444263048452006,0.03749021500205902
7.581581581581582,0.01749780260840063,0.9438078560717834,0.0386943413198161
7.595595595595595,0.016930110895049894,0.9431350649825156,0.039934824122434445
7.60960960960961,0.016379876209671716,0.9424074666036839,0.041212657186644255
7.623623623623623,0.0158465841365123,0.9416245608867913,0.04252885497669628
7.637637637637638,0.01532973433467771,0.9407858130209279,0.043884452644394355
7.651651651651652,0.014828840227407094,0.9398906537779733,0.045280505994619476
7.665665665665665,0.014343428693415601,0.9389384798927424,0.04671809141384207
7.67967967967968,0.013873039760652116,0.9379286544803305,0.0481983057590174
7.693693693693693,0.013417226302809018,0.9368605074930306,0.04972226620416033
7.707707707707708,0.012975553738860552,0.9357333362193355,0.05129111004180385
7.721721721721722,0.012547599735901993,0.934546405827652,0.05290599443644598
7.7357357357357355,0.012132953915522944,0.9332989499574731,0.054568096127003946
7.74974974974975,0.011731217563926201,0.9319901713608691,0.05627861107520472
7.763763763763763,0.011342003345977139,0.9306192425972647,0.058038754056758055
7.777777777777778,0.010964935023348684,0.9291853067845656,0.059849758192085704
7.791791791791792,0.010599647176908852,0.9276874784097874,0.061712874413303906
7.8058058058058055,0.010245784933469889,0.9261248442024289,0.0636293708641012
7.81981981981982,0.009903003697009105,0.9244964640738951,0.06560053222909575
7.833833833833833,0.009570968884451135,0.9228013721263352,0.06762765898921354
7.847847847847848,0.009249355666080521,0.9210385777343171,0.06971206659960237
7.861861861861862,0.008937848710650967,0.9192070667027789,0.07185508458657026
7.875875875875876,0.008636141935231025,0.9173058025047273,0.07405805556004172
7.88988988988989,0.008343938259821685,0.9153337276021469,0.07632233413803155
7.903903903903903,0.00806094936677031,0.913289764853563,0.07864928577966661
7.917917917917918,0.007786895464986176,0.9111728190116736,0.08104028552334032
7.931931931931932,0.007521505058964257,0.908981778314389,0.0834967166266467
7.945945945945946,0.007264514722608463,0.9067155161725483,0.0860199691048432
7.95995995995996,0.007015668877837536,0.9043728929574588,0.0886114381647037
7.973973973973974,0.0067747195779508515,0.9019527578912805,0.0912725225307687
7.987987987987988,0.006541426295725821,0.8994539510430966,0.0940046226611775
8.002002002002001,0.006315555716209864,0.8968753054333244,0.09680913885046565
8.016016016016016,0.006096881534164643,0.8942156492488861,0.09968746921694935
8.03003003003003,0.0058851842561187095,0.8914738081712927,0.10264100757258857
8.044044044044044,0.005680251006974679,0.8886486078194976,0.10567114117352774
8.058058058058059,0.005481875341119201,0.8857388763090284,0.10877924834985242
8.072072072072071,0.005289857057975945,0.8827434469285381,0.11196669601348595
8.086086086086086,0.00510400202194088,0.8796611609344859,0.11523483704357318
8.1001001001001,0.004924121986636198,0.8764908704642089,0.1185850075491548
8.114114114114114,0.004750034423417747,0.8732314415671264,0.12201852400945576
8.128128128128129,0.004581562354067617,0.8698817573532851,0.1255366802926474
8.142142142142141,0.004418534187603606,0.8664407212578524,0.12914074455454386
8.156156156156156,0.004260783561133339,0.8629072604195351,0.13283195601933154
8.17017017017017,0.0041081491846871555,0.8592803291702128,0.13661152164510004
8.184184184184184,0.003960474689949561,0.8555589126323645,0.14048061267768597
8.198198198198199,0.003817608482829647,0.8517420304200842,0.1444403610970862
8.212212212212211,0.0036794035997832243,0.8478287404387004,0.14849185596151637
8.226226226226226,0.0035457175678323726,0.8438181427771377,0.15263613965503
8.24024024024024,0.003416412268193878,0.8397093836863189,0.15687420404548716
8.254254254254255,0.0032913538034593055,0.8355016596359538,0.16120698656058688
8.268268268268269,0.0031704123682513357,0.8311942214411469,0.16563536619060187
8.282282282282281,0.0030534621232833343,0.8267863784492895,0.17016015942742715
8.296296296296296,0.002940381072763547,0.8222775027767004,0.1747821161505361
8.31031031031031,0.0028310509450673507,0.8176670335835122,0.17950191547142055
8.324324324324325,0.0027253570766193435,0.8129544813742675,0.18432016154911318
8.338338338338339,0.002623188298916458,0.8081394323107155,0.18923737939036794
8.352352352352352,0.00252443682863136,0.8032215525222914,0.19425401064907727
8.366366366366366,0.0024289981607346434,0.7982005923987896,0.19937040944047565
8.38038038038038,0.0023367709645747284,0.7930763908488129,0.2045868381866125
8.394394394394395,0.0022476569828604573,0.7878488795066344,0.20990346351050512
8.408408408408409,0.0021615609334847594,0.7825180868692919,0.21532035219722329
8.422422422422422,0.002078390414142,0.7770841423448918,0.2208374672409663
8.436436436436436,0.0019980558096760626,0.7715472801923913,0.22645466399793274
8.45045045045045,0.0019204702021174138,0.76590784333247,0.2321716864654126
8.464464464464465,0.0018455492833502442,0.760166287008529,0.23798816370812084
8.478478478478479,0.001773211270367075,0.7543231822764169,0.24390360645321593
8.492492492492492,0.001703376823060405,0.7483792193011359,0.2499174038758038
8.506506506506506,0.0016359689645079108,0.7423352104385577,0.2560288205969344
8.52052052052052,0.0015709130037002657,0.7361920930801363,0.2622369939161633
8.534534534534535,0.0015081364606785487,0.7299509322386266,0.2685409313006948
8.548548548548549,0.0014475689940284156,0.7236129228530981,0.27493950815287355
8.562562562562562,0.0013891423306949461,0.7171793917918996,0.28143146587740536
8.576576576576576,0.0013327901980747638,0.7106517995328052,0.28801541026911986
8.59059059059059,0.001278448258349523,0.7040317415003279,0.2946898102413225
8.604604604604605,0.0012260540450137042,0.6973209490410992,0.30145299691388705
8.618618618618619,0.0011755469015635525,0.6905212900193493,0.30830316307908723
8.632632632632632,0.0011268679223061387,0.6836347690158061,0.31523836306188774
8.646646646646646,0.0010799598952487212,0.6766635271148256,0.3222565129899257
8.66066066066066,0.0010347672470287209,0.6696098412662401,0.32935539148673115
8.674674674674675,0.0009912359898468618,0.6624761232102335,0.33653264079991974
8.68868868868869,0.0009493136703613325,0.6552649179555844,0.3437857683740543
8.702702702702702,0.0009089493205066972,0.6479789018037769,0.3511121488757164
8.716716716716716,0.0008700934101889836,0.6406208799137872,0.3585090266760237
8.73073073073073,0.0008326978018231575,0.6331937834048182,0.36597351879335854
8.744744744744745,0.0007967157066677643,0.6257006659967729,0.37350261829655945
8.75875875875876,0.0007621016429091457,0.6181447001909522,0.38109319816613857
8.772772772772774,0.0007288113954589229,0.6105291729961545,0.38874201560838667
8.786786786786786,0.0006968019774096928,0.6028574812081421,0.39644571681444823
8.8008008008008,0.0006660315931101043,0.595133126253235,0.40420084215365476
8.814814814814815,0.0006364596028076528,0.5873597086096056,0.4120038317875866
8.82882882882883,0.0006080464888100386,0.5795409218226003,0.41985103168858967
8.842842842842844,0.0005807538231175551,0.5716805461331612,0.4277387000437211
8.856856856856856,0.0005545442364729667,0.5637824417410574,0.43566301402246976
8.87087087087087,0.0005293813887758839,0.5558505417271588,0.44362007688406546
8.884884884884885,0.0005052299408146317,0.5478888446614234,0.45160592539776195
8.8988988988989,0.0004820555272532544,0.5399014069254724,0.4596165375472744
8.912912912912914,0.00045982473082533494,0.5318923347807274,0.4676478404884472
8.926926926926926,0.00043850505767767693,0.5238657762149243,0.47569571872739813
8.94094094094094,0.0004180649138070567,0.5158259126014477,0.48375602248474525
8.954954954954955,0.000398473582536955,0.5077769502073403,0.4918245762101228
8.96896896896897,0.00037970120297638475,0.4997231115869281,0.49989718721009546
8.982982982982984,0.0003617187494033315,0.49166862689890334,0.5079696543516933
8.996996996996996,0.00034449801152513826,0.48361772518524115,0.5160377768032337
9.01101101101101,0.0003280115755504435,0.47557462565062625,0.5240973627738233
9.025025025025025,0.0003122328060269659,0.46754352898106166,0.5321442382129113
9.03903903903904,0.0002971358283867152,0.45952860874000057,0.5401742554316127
9.053053053053054,0.0002826955121522966,0.45153400287977885,0.5481833016080688
9.067067067067066,0.00026888745474505264,0.44356380540523943,0.5561673071400155
9.08108108108108,0.0002556879658546874,0.4356220582252817,0.5641222538088636
9.095095095095095,0.00024307405231872956,0.4277127432266926,0.5720441827209887
9.10910910910911,0.00023102340346469185,0.41983977460292543,0.5799292019936098
9.123123123123124,0.0002195143768762263,0.4120069914686542,0.5877734941544696
9.137137137137136,0.00020852598453527642,0.40421815078883644,0.5955733232266283
9.15115115115115,0.00019803787930911088,0.3964769206487516,0.6033250414719392
9.165165165165165,0.0001880303417387886,0.3887868738890928,0.6110250957691685
9.17917917917918,0.000178484267097427,0.3811514821276022,0.6186700336053004
9.193193193193194,0.00016938115268763505,0.373574110186127,0.6262565086611852
9.207207207207206,0.00016070308534745452,0.36605801093922,0.6337812859754325
9.22122122122122,0.0001524327291386042,0.3586063205976325,0.6412412466732291
9.235235235235235,0.00014455331319383288,0.35122205443726057,0.6486333922495456
9.24924924924925,0.00013704861970259669,0.3439081029812722,0.6559548483990252
9.263263263263264,0.00012990297201331556,0.33666722864040255,0.6632028683875841
9.277277277277276,0.0001231012228405186,0.3295020628136648,0.6703748359634947
9.29129129129129,0.00011662874256000514,0.32241510344907914,0.6774682678083608
9.305305305305305,0.00011047140758132842,0.31540871306148754,0.6844808155309311
9.31931931931932,0.00010461558879035587,0.3084851172020543,0.6914102672091553
9.333333333333334,9.904814005055257e-05,0.301646403371782,0.6982545484881675
9.347347347347347,9.375638676466808e-05,0.2948945203691889,0.7050117232440464
9.36136136136136,8.872811448677598e-05,0.28823127806029986,0.7116799938252133
9.375375375375375,8.395155758874079e-05,0.2816583475572815,0.7182577008851296
9.38938938938939,7.941538797944921e-05,0.27517726179037005,0.7247433228216505
9.403403403403404,7.510870387679681e-05,0.26878941645629356,0.7311354748398297
9.417417417417417,7.102101864044925e-05,0.2624960713250813,0.7374329076562781
9.431431431431431,6.714224966469552e-05,0.2562983518860544,0.7436345058642809
9.445445445445445,6.346270733857481e-05,0.2501972513128834,0.7497392859797779
9.45945945945946,5.9973084081321194e-05,0.24419363272683792,0.7557463941890809
9.473473473473474,5.666444345603695e-05,0.23828823173682323,0.7616551038197206
9.487487487487487,5.352820937484305e-05,0.2324816592343951,0.7674648125562301
9.501501501501501,5.0556155395567414e-05,0.22677440442172622,0.7731750394228781
9.515515515515515,4.774039412632739e-05,0.22116683805044798,0.7787854215554256
9.52952952952953,4.507336674142857e-05,0.2156592158493462,0.7842957107839122
9.543543543543544,4.254783261748891e-05,0.21025168211914144,0.7897057700482409
9.557557557557557,4.0156859102860906e-05,0.20494427347290872,0.7950155696679886
9.571571571571571,3.789381141965645e-05,0.19973692270116186,0.8002251834874184
9.585585585585585,3.575234271864718e-05,0.1946294627411993,0.8053347849160821
9.5995995995996,3.3726384282222365e-05,0.18962163073094682,0.8103446428847708
9.613613613613614,3.1810135895136e-05,0.18471307212829105,0.8152551177358138
9.627627627627627,2.9998056379754746e-05,0.17990334487769138,0.8200666570659287
9.641641641641641,2.828485431021327e-05,0.17519192360672237,0.8247797915389673
9.655655655655655,2.666547890715367e-05,0.17057820383612196,0.8293951306849708
9.66966966966967,2.513511112121127e-05,0.16606150618784582,0.833913358701033
9.683683683683684,2.3689154910031058e-05,0.16164108057662477,0.8383352302684651
9.697697697697697,2.2323228711712658e-05,0.15731611037150062,0.8426615663997876
9.711711711711711,2.1033157120634754e-05,0.15308571651481642,0.8468932503280628
9.725725725725725,1.981496276879263e-05,0.14894896158714904,0.8510312234500822
9.73973973973974,1.8664858415273478e-05,0.14490485380764692,0.8550764813339378
9.753753753753754,1.757923924469228e-05,0.14095235096023828,0.859030069800517
9.767767767767769,1.6554675379384862e-05,0.1370903642371226,0.8628930810874981
9.781781781781781,1.5587904604367425e-05,0.13331776199190468,0.8666666501034909
9.795795795795796,1.467582530334129e-05,0.12963337339563472,0.8703519507790621
9.80980980980981,1.381548961313462e-05,0.12603599198990478,0.8739501925204821
9.823823823823824,1.3004096787263718e-05,0.12252437913197889,0.8774626167712339
9.837837837837839,1.2238986774252721e-05,0.11909726732775214,0.8808904936854736
9.851851851851851,1.151763400539054e-05,0.11575336344908924,0.8842351189169053
9.865865865865866,1.0837641392281109e-05,0.1124913518328135,0.8874978105257944
9.87987987987988,1.0196734532370146e-05,0.10930989725930378,0.8906799060061639
9.893893893893894,9.592756116827709e-06,0.10620764780927745,0.8937827594346058
9.907907907907909,9.023660540959129e-06,0.10318323759794185,0.8968077387415172
9.921921921921921,8.487508714078863e-06,0.10023528938623553,0.8997562231050504
9.935935935935936,7.98246306150972e-06,0.09736241706938605,0.9026296004675524
9.94994994994995,7.5067827201312146e-06,0.09456322804347683,0.905429265173803
9.963963963963964,7.0588189191405065e-06,0.09183632545112592,0.908156615729955
9.977977977977979,6.637010546328131e-06,0.08918031030776927,0.9108130526816844
9.991991991991991,6.2398798893124e-06,0.08659378351037669,0.9133999766097339
10.006006006006006,5.8660285550621135e-06,0.08407534773073029,0.9159187862407145
10.02002002002002,5.514133556416301e-06,0.08162360919567167,0.9183708766707719
10.034034034034034,5.182943563567701e-06,0.0792371793569447,0.9207576376994918
10.048048048048049,4.8712753177853406e-06,0.07691467645347488,0.9230804522712072
10.062062062062061,4.5780102001547264e-06,0.0746547269690912,0.9253406950207087
10.076076076076076,4.302090948233712e-06,0.07245596698883942,0.9275397309202124
10.09009009009009,4.0425185236225576e-06,0.07031704345715771,0.9296789140243187
10.104104104104104,3.798349116252794e-06,0.06823661534126824,0.9317595863096155
10.118118118118119,3.5686912859791598e-06,0.06621335470321658,0.9337830766054974
10.132132132132131,3.3527032399792553e-06,0.06424594768403305,0.9357506996127268
10.146146146146146,3.1495902290103735e-06,0.062333095403519945,0.937663755006251
10.16016016016016,2.9586020738816945e-06,0.06047351477918305,0.939523526618743
10.174174174174174,2.779030803906283e-06,0.05866593926781411,0.941331281701382
10.188188188188189,2.6102084114044283e-06,0.056909119533218686,0.9430882702583699
10.202202202202201,2.4515047145122242e-06,0.05520182404354765,0.9447957244517378
10.216216216216216,2.3023253228715166e-06,0.05354283960164688,0.9464548580730302
10.23023023023023,2.162109704905451e-06,0.05193097181178971,0.9480668660785054
10.244244244244245,2.030329350208441e-06,0.0503650454860869,0.9496329241845628
10.258258258258259,1.9064860248886758e-06,0.048843904993805656,0.9511541885201695
10.272272272272271,1.7901101126176582e-06,0.04736641455674771,0.9526317953331396
10.286286286286286,1.68075904215866e-06,0.04593145849375406,0.9540668607472038
10.3003003003003,1.5780157951654285e-06,0.04453794141732006,0.9554604805668848
10.314314314314315,1.481487488221805e-06,0.04318478838520719,0.9568137301273045
10.328328328328329,1.3908040321558794e-06,0.041870945009849565,0.9581276641861184
10.342342342342342,1.3056168571763341e-06,0.04059537752825392,0.9594033168548889
10.356356356356356,1.225597709628503e-06,0.039357072834992804,0.9606417015672974
10.37037037037037,1.1504375063794376e-06,0.03815503848079651,0.9618438110816974
10.384384384384385,1.0798452556733223e-06,0.0369883026391424,0.963010617515602
10.398398398398399,1.0135470318110143e-06,0.03585591404314828,0.9641430724098199
10.412412412412412,9.512850070429764e-07,0.03475694189497311,0.96524210682002
10.426426426426426,8.928165331121533e-07,0.03369047574983144,0.9663086314336355
10.44044044044044,8.379132757769746e-07,0.03265562537663342,0.9673435367100909
10.454454454454455,7.863603934836462e-07,0.03165152059716261,0.968347693042444
10.468468468468469,7.379557629449878e-07,0.030677311105615085,0.969321950938622
10.482482482482482,6.925092470486214e-07,0.02973216627022917,0.9702671412205237
10.496496496496496,6.498420009389345e-07,0.02881527491864641,0.9711840752393526
10.51051051051051,6.097858200037748e-07,0.02792584510855958,0.9720735451056204
10.524524524524525,5.721825207237656e-07,0.027063103885115233,0.9729363239323641
10.538538538538539,5.368833596777333e-07,0.026226297026461048,0.9737731660901793
10.552552552552552,5.037484812695217e-07,0.025414688778746298,0.9745848074727724
10.566566566566566,4.726463992706429e-07,0.02462756158180794,0.9753719657717929
10.58058058058058,4.4345350666068605e-07,0.0238642157867033,0.97613534075979
10.594594594594595,4.1605361243943555e-07,0.02312396936617591,0.9768756145802117
10.608608608608609,3.903375074475158e-07,0.022406157619076737,0.9775934520434159
10.622622622622622,3.6620255102629214e-07,0.02171013286969579,0.9782895009277531
10.636636636636636,3.435522841485363e-07,0.021035264162897048,0.9789643922848189
10.65065065065065,3.222960636808336e-07,0.020380936955891243,0.9796187407480449
10.664664664664665,3.023487192487076e-07,0.019746552807421516,0.9802531448438593
10.67867867867868,2.8363022509119244e-07,0.01913152906508546,0.9808681873046895
10.692692692692692,2.660653989141008e-07,0.018535298551463512,0.9814644353831375
10.706706706706706,2.4958360969518716e-07,0.017957309249674737,0.9820424411667154
10.72072072072072,2.3411850828127502e-07,0.01739702398893572,0.9826027418925559
10.734734734734735,2.1960777049044936e-07,0.016853920130651224,0.9831458602615784
10.74874874874875,2.0599285867064667e-07,0.016327489255526056,0.9836723047516153
10.762762762762762,1.9321879167456014e-07,0.015817236852146217,0.9841825699290621
10.776776776776776,1.8123393440369028e-07,0.015322682007439851,0.9846771367586258
10.79079079079079,1.699897954842414e-07,0.014843357099394378,0.9851564729108101
10.804804804804805,1.594408389554281e-07,0.014378807492370438,0.9856210330667906
10.81881881881882,1.4954430592049964e-07,0.013928591235323909,0.9860712592203702
10.832832832832834,1.402600466865601e-07,0.013492278763216351,0.9865075809767371
10.846846846846846,1.3155036522874502e-07,0.01306945260186671,0.9869304158477681
10.86086086086086,1.2337986866745096e-07,0.01265970707647058,0.9873401695436609
10.874874874874875,1.157153289764131e-07,0.012262648023989839,0.9877372362606812
10.88888888888889,1.0852555319584379e-07,0.011877892509590529,0.9881219989648562
10.902902902902904,1.0178125805011693e-07,0.011505068547287401,0.9884948296714545
10.916916916916916,9.545495480787211e-08,0.011143814824932133,0.9888560897201131
10.93093093093093,8.952084140255825e-08,0.010793780433663592,0.989206130045495
10.944944944944945,8.395469825908733e-08,0.0104546246019221,0.9895452914433797
10.95895895895896,7.873379313039484e-08,0.010126016434111465,0.9898739048320954
10.972972972972974,7.38367907798589e-08,0.009807634653979356,0.9901922915092299
10.986986986986986,6.924366679517096e-08,0.009499167352771403,0.9905007634035619
11.001001001001,6.493562861702746e-08,0.009200311742201548,0.9907996233221696
11.015015015015015,6.08950396722221e-08,0.008910773912269961,0.9910891651926905
11.02902902902903,5.7105349003647426e-08,0.0086302685939472,0.9913696743007039
11.043043043043044,5.355102549510184e-08,0.008358518926734658,0.9916414275222398
11.057057057057056,5.021749539390888e-08,0.008095256231100946,0.9919046935514036
11.07107107107107,4.709108244818473e-08,0.007840219785785254,0.9921597331231322
11.085085085085085,4.415895405023912e-08,0.007593156609951677,0.9924067992310943
11.0990990990991,4.1409069918295996e-08,0.007353821250169784,0.9926461373407602
11.113113113113114,3.883013250052745e-08,0.007121975572191557,0.9928779855976758
11.127127127127126,3.641154215012065e-08,0.0068973885574879394,0.9931025750309699
11.14114114114114,3.41433532665602e-08,0.006679836104502991,0.9933201297521438
11.155155155155155,3.201623590391484e-08,0.006469100834579195,0.9935308671491848
11.16916916916917,3.002143617224319e-08,0.006264971902502112,0.9937349980760616
11.183183183183184,2.815074154257985e-08,0.006067244811609607,0.9939327270376487
11.197197197197196,2.6396448066861982e-08,0.005875721233406772,0.9941242523701451
11.21121121121121,2.4751327693778488e-08,0.005690208831624579,0.9943097664170477
11.225225225225225,2.3208600322326944e-08,0.0055105210906580574,0.9944894557007415
11.23923923923924,2.1761905530294045e-08,0.005336477148316501,0.994663501089778
11.253253253253254,2.0405276837475724e-08,0.005167901632817019,0.9948320779619062
11.267267267267266,1.9133117412041177e-08,0.005004624503950516,0.9949953563629321
11.28128128128128,1.7940177085185327e-08,0.004846480898347603,0.9951535011614752
11.295295295295295,1.6821531844917025e-08,0.004693310978771289,0.9953066721996968
11.30930930930931,1.5772561940605128e-08,0.004544959787361414,0.9954550244400766
11.323323323323324,1.4788934824227892e-08,0.004401277102755872,0.9955987081083093
11.337337337337337,1.3866586547510376e-08,0.004262117301012584,0.9957378688324009
11.35135135135135,1.3001705327873862e-08,0.004127339220255898,0.9958726477780386
11.365365365365365,1.2190715833320715e-08,0.00399680602897117,0.996003181780313
11.37937937937938,1.143026539066678e-08,0.0038703850978706548,0.9961296034718639
11.393393393393394,1.0717207880585548e-08,0.0037479478752545387,0.9962520414075376
11.407407407407407,1.0048594370474616e-08,0.0036293697657907692,0.996370620185615
11.421421421421421,9.421658113326275e-09,0.003514530012637804,0.9964854605657041
11.435435435435435,8.833804470192115e-09,0.0034033115828350246,0.9965966795833605
11.44944944944945,8.282600032496378e-09,0.0032956010558857,0.9967043906615142
11.463463463463464,7.76576247482698e-09,0.003191288515458497,0.996808703718779
11.477477477477477,7.281151960191129e-09,0.0030902674441339773,0.9969097252747142
11.491491491491491,6.82676078441977e-09,0.0029924346211233272,0.9970075585521159
11.505505505505505,6.400706683355877e-09,0.0028976900228876927,0.9971023035764057
11.51951951951952,6.001224310306312e-09,0.002805936726586968,0.9971940572721887
11.533533533533534,5.626658127921408e-09,0.002717080816288282,0.9972829135570536
11.547547547547547,5.27545559324875e-09,0.0026310312918652276,0.9973689634326791
11.561561561561561,4.946160764309281e-09,0.0025476999805199114,0.9974522950733193
11.575575575575575,4.637408302254915e-09,0.0024670014508612276,0.9975329939117306
11.58958958958959,4.3479178447498885e-09,0.002388852929473496,0.9976111427226086
11.603603603603604,4.076488891461434e-09,0.002313174219911116,0.9976868217036001
11.617617617617617,3.821995033918154e-09,0.0022398876240558537,0.9977601085539491
11.631631631631631,3.5833809483969723e-09,0.002168917865774546,0.9978310785508445
11.645645645645645,3.3596565365159226e-09,0.002100192016816403,0.9978998046235271
11.65965965965966,3.1498929824263406e-09,0.0020336394248899456,0.9979663574252171
11.673673673673674,2.9532199866014313e-09,0.0019691916438611574,0.9980308054029188
11.687687687687687,2.768821413737264e-09,0.001906782366015466,0.9980932148651631
11.701701701701701,2.595931408594412e-09,0.0018463473563273562,0.998153650047741
11.715715715715715,2.4338322839745734e-09,0.0017878243886828085,0.9982121731774849
11.72972972972973,2.2818509605039363e-09,0.0017311531840006873,0.9982688445341484
11.743743743743744,2.1393564742571377e-09,0.0016762753502006574,0.998323722510443
11.757757757757757,2.0057563461289788e-09,0.0016231343239662614,0.9983768636702774
11.771771771771771,1.8804966583000556e-09,0.0015716753142529722,0.9984283228052505
11.785785785785786,1.7630565697236503e-09,0.0015218452474923413,0.9984781529894512
11.7997997997998,1.6529477925931614e-09,0.0014735927144442938,0.9985264056326079
11.813813813813814,1.5497138001668731e-09,0.0014268679186509921,0.9985731305316352
11.827827827827829,1.4529248436750278e-09,0.001381622626446705,0.9986183759206284
11.841841841841841,1.3621788736447667e-09,0.001337810118479265,0.9986621885193419
11.855855855855856,1.2770989906521073e-09,0.0012953851426997748,0.9987046135802014
11.86986986986987,1.1973314710909226e-09,0.0012543038687784168,0.9987456949338901
11.883883883883884,1.1225447612013029e-09,0.0012145238439051,0.9987854750335501
11.897897897897899,1.0524279863624989e-09,0.0011760039499349234,0.998823994997637
11.911911911911911,9.866898211312523e-10,0.0011387043618393585,0.9988612946514709
11.925925925925926,9.250563395596916e-10,0.0011025865074250822,0.9988974125675187
11.93993993993994,8.672722106653818e-10,0.0010676130282834665,0.9989323861044442
11.953953953953954,8.130965640071797e-10,0.0010337477419345691,0.9989662514449688
11.967967967967969,7.623041498168372e-10,0.0010009556051305702,0.9989990436325653
11.981981981981981,7.146842300943982e-10,0.0009692026782844663,0.9990307966070313
11.995995995995996,6.7003815959063e-10,0.0009384560909907484,0.9990615432389712
12.01001001001001,6.281802980932615e-10,0.0009086840086057734,0.9990913153632137
12.024024024024024,5.889369657744404e-10,0.0008798555998562884,0.9991201438112067
12.038038038038039,5.521448932070666e-10,0.0008519410054455616,0.9991480584424095
12.052052052052051,5.176503372402988e-10,0.0008249113076273511,0.9991750881747222
12.066066066066066,4.853108364944578e-10,0.0007987385007187557,0.9992012610139703
12.08008008008008,4.549910314957211e-10,0.0007733954625238862,0.9992266040824851
12.094094094094094,4.2656552493614184e-10,0.0007488559266409438,0.9992511436467936
12.108108108108109,3.999153296044128e-10,0.0007250944556262056,0.9992749051444585
12.122122122122121,3.7492973396637416e-10,0.0007020864149890715,0.9992979132100811
12.136136136136136,3.515050248844488e-10,0.0006798079479930895,0.999320191700502
12.15015015015015,3.2954370812479734e-10,0.0006582359512386338,0.9993417637192176
12.164164164164164,3.0895417870777955e-10,0.0006373480510035108,0.9993626516400423
12.178178178178179,2.896508683860119e-10,0.0006171225803185476,0.9993828771300305
12.192192192192191,2.715532707870958e-10,0.0005975385567558284,0.9994024611716908
12.206206206206206,2.54586593227631e-10,0.0005785756609078824,0.9994214240845056
12.22022022022022,2.386795449761764e-10,0.0005602142155368165,0.9994397855457837
12.234234234234235,2.2376641231274928e-10,0.0005424351653729059,0.9994575646108605
12.248248248248249,2.0978509573674483e-10,0.0005252200575428367,0.9994747797326722
12.262262262262261,1.966769959282976e-10,0.0005085510226083383,0.9994914487807147
12.276276276276276,1.8438807504564683e-10,0.0004924107561964952,0.9995075890594155
12.29029029029029,1.728668001137853e-10,0.00047678250120363483,0.9995232173259296
12.304304304304305,1.620653382521074e-10,0.0004616500305551393,0.9995383498073795
12.318318318318319,1.5193872521891622e-10,0.00044699763050413147,0.9995530022175572
12.332332332332332,1.424446217446885e-10,0.00043281008445244764,0.9995671897731029
12.346346346346346,1.3354405375146315e-10,0.0004190726572778014,0.9995809272091781
12.36036036036036,1.2519941693710438e-10,0.000405771080151566,0.999594228794649
12.374374374374375,1.17376153713759e-10,0.0003928915358319969,0.9996071083467918
12.388388388388389,1.1004169318972011e-10,0.00038042064441824,0.9996195792455402
12.402402402402402,1.0316549879780874e-10,0.0003683454495508707,0.9996316544472836
12.416416416416416,9.671894127369317e-11,0.0003566534050451412,0.9996433464982358
12.43043043043043,9.067517956176621e-11,0.00034533236194356025,0.9996546675473813
12.444444444444445,8.500915842854471e-11,0.00033437055597477605,0.9996656293590162
12.458458458458459,7.969685495304081e-11,0.00032375659540618754,0.9996762433248971
12.472472472472472,7.471668929995656e-11,0.0003134794492780506,0.9996865204760053
12.486486486486486,7.004770566451695e-11,0.00030352843600722534,0.9996964714939451
12.5005005005005,6.567063100571535e-11,0.0002938932123490918,0.9997061067219803
12.514514514514515,6.156704800364972e-11,0.00028456376270646775,0.9997154361757264
12.528528528528529,5.771942471413477e-11,0.00027553038877474597,0.9997244695535059
12.542542542542542,5.411265988542599e-11,0.0002667836995127718,0.9997332162463746
12.556556556556556,5.073112965162906e-11,0.00025831460142930403,0.9997416853478396
12.57057057057057,4.7560778060246774e-11,0.00025011428917523265,0.9997498856632638
12.584584584584585,4.458876959947677e-11,0.00024217423643199142,0.9997578257189792
12.598598598598599,4.18022524352022e-11,0.0002344861870869336,0.9997655137711107
12.612612612612612,3.918996622273636e-11,0.00022704214668670087,0.9997729578141232
12.626626626626626,3.6740917056610903e-11,0.00021983437415989165,0.9997801655890991
12.64064064064064,3.444508245814654e-11,0.00021285537380062234,0.9997871445917543
12.654654654654655,3.229236874531011e-11,0.00020609788750479923,0.9997939020802028
12.66866866866867,3.0274342310816264e-11,0.00019955488725120537,0.9998004450824745
12.682682682682682,2.8382567156563048e-11,0.00019321956781973116,0.9998067804037977
12.696696696696696,2.6608725765197307e-11,0.00018708533973931397,0.9998129146336519
12.71071071071071,2.4945868551564192e-11,0.00018114582245839966,0.9998188541525957
12.724724724724725,2.338692374514757e-11,0.00017539483773093233,0.9998246051388823
12.73873873873874,2.1925398237795706e-11,0.00016982640321112276,0.9998301735748635
12.752752752752752,2.0555098924078855e-11,0.00016443472625044003,0.9998355652531944
12.766766766766766,1.927073489445292e-11,0.00015921419789047383,0.9998407857828389
12.78078078078078,1.8066434235347856e-11,0.00015415938704552734,0.999845840594888
12.794794794794795,1.6937566308561125e-11,0.00014926503486896488,0.9998507349481933
12.80880880880881,1.5878742525869814e-11,0.00014452604929755163,0.9998554739348238
12.822822822822824,1.4886566363036576e-11,0.00013993749976818295,0.9998600624853453
12.836836836836836,1.3956096812937754e-11,0.0001354946121015866,0.9998645053739423
12.85085085085085,1.3084052559912648e-11,0.00013119276354773874,0.9998688072233682
12.864864864864865,1.226624387882895e-11,0.00012702747798791565,0.9998729725097458
12.87887887887888,1.149966843887421e-11,0.0001229944212884387,0.9998770055672119
12.892892892892894,1.0780998533449076e-11,0.00011908939680134516,0.9998809105924177
12.906906906906906,1.0107240533388833e-11,0.00011530834100735472,0.9998846916488855
12.92092092092092,9.475587870432935e-12,0.00011164731929664679,0.9998883526712277
12.934934934934935,8.883592056812999e-12,0.00010810252188311347,0.9998918974692332
12.94894894894895,8.328409480385352e-12,0.0001046702598478715,0.9998953297318238
12.962962962962964,7.807761759634165e-12,0.00010134696130796596,0.9998986530308844
12.976976976976976,7.319661380721467e-12,9.812916770631491e-05,0.999901870824974
12.99099099099099,6.862214917213052e-12,9.501353021907009e-05,0.9999049864629187
13.005005005005005,6.433356198050659e-12,9.199680627669453e-05,0.9999080031872899
13.01901901901902,6.031422763891887e-12,8.90758561951623e-05,0.9999109241377734
13.033033033033034,5.654483890902478e-12,8.624763991380943e-05,0.9999137523544317
13.047047047047046,5.301210684954525e-12,8.3509213836469e-05,0.9999164907808622
13.06106106106106,4.9697017253473e-12,8.085772777262687e-05,0.9999191422672578
13.075075075075075,4.659114791902826e-12,7.829042197544518e-05,0.9999217095733652
13.08908908908909,4.367937971772021e-12,7.58046242735874e-05,0.9999241953713586
13.103103103103104,4.09512671132498e-12,7.339774729388696e-05,0.9999266022486111
13.117117117117116,3.839354308630224e-12,7.106728577198763e-05,0.9999289327103887
13.13113113113113,3.59911245031635e-12,6.881081394817457e-05,0.9999311891824528
13.145145145145145,3.374319496851677e-12,6.662598304570786e-05,0.9999333740135798
13.15915915915916,3.163566411116423e-12,6.451051882904508e-05,0.9999354894780074
13.173173173173174,2.9657323445247472e-12,6.246221923943185e-05,0.9999375377777948
13.187187187187186,2.7803840406604913e-12,6.047895210541231e-05,0.9999395210451142
13.2012012012012,2.606726438433488e-12,5.855865292588972e-05,0.9999414413444675
13.215215215215215,2.4434124187501135e-12,5.669932272344591e-05,0.9999433006748332
13.22922922922923,2.290895409077869e-12,5.489902596569286e-05,0.9999451009717435
13.243243243243244,2.1478983242950305e-12,5.315588855250756e-05,0.9999468441092997
13.257257257257256,2.013495651307869e-12,5.146809586706467e-05,0.9999485319021194
13.27127127127127,1.8876582813686322e-12,4.983389088864729e-05,0.9999501661072238
13.285285285285285,1.7698308666645765e-12,4.825157236528413e-05,0.9999517484258649
13.2992992992993,1.6590851430557628e-12,4.67194930443152e-05,0.9999532805052966
13.313313313313314,1.555653047318384e-12,4.523605795905582e-05,0.9999547639404853
13.327327327327327,1.4580692639645986e-12,4.379972276978213e-05,0.9999562002757721
13.34134134134134,1.36705649406503e-12,4.2408992157317334e-05,0.9999575910064756
13.355355355355355,1.2817246813814848e-12,4.1062418267556035e-05,0.9999589375804507
13.36936936936937,1.201620380081316e-12,3.975859920531027e-05,0.999960241399593
13.383383383383384,1.1267076770246027e-12,3.849617757591787e-05,0.9999615038212974
13.397397397397397,1.055943908728033e-12,3.727383907309985e-05,0.9999627261598709
13.411411411411411,9.899501716237096e-13,3.609031111160091e-05,0.9999639096878985
13.425425425425425,9.282335561225861e-13,3.494436150319737e-05,0.9999650556375687
13.43943943943944,8.70078142616823e-13,3.383479717469509e-05,0.9999661652019551
13.453453453453454,8.159688964769059e-13,3.276046292658995e-05,0.9999672395362574
13.467467467467467,7.648470228016954e-13,3.172024023110151e-05,0.999968279759004
13.481481481481481,7.16810006537969e-13,3.0713046068331904e-05,0.9999692869532147
13.495495495495495,6.720111128043295e-13,2.973783179934361e-05,0.9999702621675286
13.50950950950951,6.300120221943412e-13,2.879358207498394e-05,0.9999712064172948
13.523523523523524,5.908321734373256e-13,2.787931377932498e-05,0.99997212068563
13.537537537537537,5.537242740387376e-13,2.6994075006621468e-05,0.9999730059244396
13.551551551551551,5.192886581462966e-13,2.6136944070723725e-05,0.9999738630554101
13.565565565565565,4.868343007732019e-13,2.5307028545918515e-05,0.9999746929709672
13.57957957957958,4.562580710291407e-13,2.450346433819942e-05,0.9999754965352057
13.593593593593594,4.27883757031917e-13,2.3725414786003793e-05,0.999976274584786
13.607607607607607,4.0114196689634916e-13,2.2972069789481594e-05,0.9999770279298094
13.621621621621621,3.7607147060779477e-13,2.2242644967391003e-05,0.9999777573546567
13.635635635635635,3.52451802964601e-13,2.1536380840746423e-05,0.9999784636188068
13.64964964964965,3.3064184798407345e-13,2.0852542042368705e-05,0.999979147457627
13.663663663663664,3.0977350167422023e-13,2.0190416551517686e-05,0.9999798095831386
13.677677677677677,2.9041330913707896e-13,1.954931495281123e-05,0.9999804506847567
13.691691691691691,2.72442320753946e-13,1.8928569718660244e-05,0.9999810714300088
13.705705705705705,2.5541523829929453e-13,1.8327534514475117e-05,0.9999816724652303
13.71971971971972,2.392947743536013e-13,1.77455835259198e-05,0.9999822544162349
13.733733733733734,2.243393366723523e-13,1.7182110807515493e-05,0.999982817888968
13.747747747747747,2.1059549688253478e-13,1.663652965191644e-05,0.9999833634701375
13.761761761761761,1.9717408845074962e-13,1.6108271979201807e-05,0.9999838917278235
13.775775775775776,1.8485109853223537e-13,1.5596787745549768e-05,0.9999844032120695
13.78978978978979,1.7329826825669775e-13,1.5101544370677682e-05,0.9999848984554561
13.803803803803804,1.6236050775154015e-13,1.4622026183454102e-05,0.9999853779736542
13.817817817817817,1.522132904761918e-13,1.4157733885105811e-05,0.9999858422659625
13.831831831831831,1.4270025252365533e-13,1.3708184029461425e-05,0.999986291815828
13.845845845845846,1.3395801979248515e-13,1.3272908519692052e-05,0.9999867270913464
13.85985985985986,1.2558589762477776e-13,1.2851454121024377e-05,0.9999871485457533
13.873873873873874,1.1773701563807263e-13,1.2443381988920397e-05,0.9999875566178934
13.887887887887889,1.1052390765277338e-13,1.2048267212232685e-05,0.9999879517326773
13.901901901901901,1.036163690185862e-13,1.1665698370860259e-05,0.9999883343015256
13.915915915915916,9.675759190533453e-14,1.1295277107444548e-05,0.9999887047227957
13.92992992992993,9.094976170685771e-14,1.0936617712660848e-05,0.9999890633821965
13.943943943943944,8.537775930968326e-14,1.058934672367281e-05,0.999989410653191
13.957957957957959,7.993662469330858e-14,1.0253102535333084e-05,0.9999897468973847
13.971971971971971,7.474351762692578e-14,9.927535023725396e-06,0.9999900724649016
13.985985985985986,7.025706911676746e-14,9.612305181656234e-06,0.9999903876947481
14.0,6.586612789285376e-14,9.307084765717587e-06,0.9999906929151685
